<metadata xml:lang="en"><Esri><CreaDate>20121129</CreaDate><CreaTime>16224500</CreaTime><ArcGISFormat>1.0</ArcGISFormat><ArcGISstyle>North American Profile of ISO19115 2003</ArcGISstyle><SyncOnce>FALSE</SyncOnce><DataProperties><itemProps><itemName Sync="TRUE">SanFranciscoElectricityUse</itemName><nativeExtBox><westBL Sync="TRUE">5979391.358792</westBL><eastBL Sync="TRUE">6024755.723048</eastBL><southBL Sync="TRUE">2085841.055566</southBL><northBL Sync="TRUE">2131272.745211</northBL><exTypeCode Sync="TRUE">1</exTypeCode></nativeExtBox><itemSize Sync="TRUE">0.153</itemSize><itemLocation><linkage Sync="TRUE">file://\\fox-fp01\fox-gis$\Stephanie\SCI\ZippedShapefiles\Environment\SanFranciscoElectricityUse.shp</linkage><protocol Sync="TRUE">Local Area Network</protocol></itemLocation><imsContentType Sync="TRUE">002</imsContentType></itemProps><coordRef><type Sync="TRUE">Projected</type><geogcsn Sync="TRUE">GCS_North_American_1983</geogcsn><csUnits Sync="TRUE">Linear Unit: Foot_US (0.304801)</csUnits><projcsn Sync="TRUE">NAD_1983_StatePlane_California_III_FIPS_0403_Feet</projcsn><peXml Sync="TRUE">&lt;ProjectedCoordinateSystem xsi:type='typens:ProjectedCoordinateSystem' xmlns:xsi='http://www.w3.org/2001/XMLSchema-instance' xmlns:xs='http://www.w3.org/2001/XMLSchema' xmlns:typens='http://www.esri.com/schemas/ArcGIS/10.0'&gt;&lt;WKT&gt;PROJCS[&amp;quot;NAD_1983_StatePlane_California_III_FIPS_0403_Feet&amp;quot;,GEOGCS[&amp;quot;GCS_North_American_1983&amp;quot;,DATUM[&amp;quot;D_North_American_1983&amp;quot;,SPHEROID[&amp;quot;GRS_1980&amp;quot;,6378137.0,298.257222101]],PRIMEM[&amp;quot;Greenwich&amp;quot;,0.0],UNIT[&amp;quot;Degree&amp;quot;,0.0174532925199433]],PROJECTION[&amp;quot;Lambert_Conformal_Conic&amp;quot;],PARAMETER[&amp;quot;False_Easting&amp;quot;,6561666.666666666],PARAMETER[&amp;quot;False_Northing&amp;quot;,1640416.666666667],PARAMETER[&amp;quot;Central_Meridian&amp;quot;,-120.5],PARAMETER[&amp;quot;Standard_Parallel_1&amp;quot;,37.06666666666667],PARAMETER[&amp;quot;Standard_Parallel_2&amp;quot;,38.43333333333333],PARAMETER[&amp;quot;Latitude_Of_Origin&amp;quot;,36.5],UNIT[&amp;quot;Foot_US&amp;quot;,0.3048006096012192],AUTHORITY[&amp;quot;EPSG&amp;quot;,2227]]&lt;/WKT&gt;&lt;XOrigin&gt;-115860600&lt;/XOrigin&gt;&lt;YOrigin&gt;-93269500&lt;/YOrigin&gt;&lt;XYScale&gt;36787427.345686711&lt;/XYScale&gt;&lt;ZOrigin&gt;-100000&lt;/ZOrigin&gt;&lt;ZScale&gt;10000&lt;/ZScale&gt;&lt;MOrigin&gt;-100000&lt;/MOrigin&gt;&lt;MScale&gt;10000&lt;/MScale&gt;&lt;XYTolerance&gt;0.0032808333333333335&lt;/XYTolerance&gt;&lt;ZTolerance&gt;0.001&lt;/ZTolerance&gt;&lt;MTolerance&gt;0.001&lt;/MTolerance&gt;&lt;HighPrecision&gt;true&lt;/HighPrecision&gt;&lt;WKID&gt;2227&lt;/WKID&gt;&lt;/ProjectedCoordinateSystem&gt;</peXml></coordRef></DataProperties><SyncDate>20121129</SyncDate><SyncTime>16273100</SyncTime><ModDate>20121129</ModDate><ModTime>16275400</ModTime><ArcGISProfile>NAP</ArcGISProfile></Esri><dataIdInfo><idCitation><resTitle Sync="FALSE">Residential Electricity Use per Capita (2010), San Francisco, CA</resTitle><presForm><PresFormCd value="005" Sync="TRUE"/></presForm></idCitation><idPurp>Total residential electricity use and electricity use per capita for 2010 aggregated by zip code.</idPurp><idAbs>&lt;DIV STYLE="text-align:Left;"&gt;&lt;DIV&gt;&lt;DIV&gt;&lt;P&gt;&lt;SPAN&gt;Electricity use by zip code was provided by Pacific Gas &amp;amp; Electric. “Total multi-family use” and “total single family use” were aggregated to get “Total Use.” ”Total use” was then divided by the estimated population within each zip code to get the “Total Use per Capita.”&lt;/SPAN&gt;&lt;/P&gt;&lt;P&gt;&lt;SPAN&gt;To protect confidentiality, data is not reported where one single family or multi-family dwelling accounts for more than 85% of the demand in that zip code.&lt;/SPAN&gt;&lt;/P&gt;&lt;P&gt;&lt;SPAN STYLE="font-weight:bold;"&gt;Field Definitions&lt;/SPAN&gt;&lt;SPAN&gt;: Zip: Zip code; kWh: kiloWatt hours; kWh_pC: kiloWatt hours per capita; Pop2010_zc: Population by zip code, estimated from 2010 U.S. Census&lt;/SPAN&gt;&lt;/P&gt;&lt;P&gt;&lt;SPAN STYLE="font-weight:bold;"&gt;Source&lt;/SPAN&gt;&lt;SPAN&gt;: Pacific Gas &amp;amp; Electric Company, August 2011&lt;/SPAN&gt;&lt;/P&gt;&lt;/DIV&gt;&lt;/DIV&gt;&lt;/DIV&gt;</idAbs><idCredit>City/County of San Francisco Department of Public Health, Environmental Health, Program on Health Equity and Sustainability, http://www.sfphes.org</idCredit><searchKeys><keyword>sci</keyword><keyword>sustainable communities index</keyword><keyword>hdmt</keyword><keyword>healthy development measurement tool</keyword><keyword>san francisco</keyword><keyword>environmental health</keyword><keyword>department of public health</keyword><keyword>dph</keyword><keyword>sfdph</keyword><keyword>sfphes</keyword><keyword>phes</keyword><keyword>environment</keyword><keyword>pg&amp;e</keyword><keyword>electricity</keyword><keyword>energy use</keyword><keyword>fossil fuels</keyword><keyword>zip</keyword></searchKeys><resConst><Consts><useLimit>&lt;DIV STYLE="text-align:Left;"&gt;&lt;DIV&gt;&lt;DIV&gt;&lt;P&gt;&lt;SPAN&gt;These data may be subject to additional copyright restrictions of which we are unaware. Please consult the data sources listed in the description section before using this data for commercial purposes.&lt;/SPAN&gt;&lt;/P&gt;&lt;P&gt;&lt;SPAN STYLE="font-weight:bold;"&gt;SFDPH Disclaimer&lt;/SPAN&gt;&lt;SPAN&gt;: This data is being provided as public information as defined under San Francisco and California public records laws. The San Francisco Department of Public Health (SFDPH, or the Department) cannot limit or restrict the use of this data or its interpretation by other parties in any way. Where the data is communicated, distributed, reproduced, mapped, or used in any other way, the user should acknowledge SFDPH as the source of the data, provide a reference to the original data source where also applicable, and note any caveats specified in the associated methodological documentation provided by the Department. However, users should not attribute their analysis or interpretation of this data to SFDPH. While the data has been collected and/or produced for the use of SFDPH, the Department cannot guarantee its accuracy or completeness. As all data is associated with methodological assumptions and limitations, the Department recommends that users review methodological documentation associated with the data prior to its analysis, interpretation, or communication.&lt;/SPAN&gt;&lt;/P&gt;&lt;/DIV&gt;&lt;/DIV&gt;&lt;/DIV&gt;</useLimit></Consts></resConst><envirDesc Sync="TRUE">Microsoft Windows Vista Version 6.0 (Build 6002) Service Pack 2; ESRI ArcGIS 10.0.5.4400</envirDesc><dataLang><languageCode value="eng" Sync="TRUE"/><countryCode value="USA" Sync="TRUE"/></dataLang><spatRpType><SpatRepTypCd value="001" Sync="TRUE"/></spatRpType><dataExt><geoEle><GeoBndBox esriExtentType="search"><exTypeCode Sync="TRUE">1</exTypeCode><westBL Sync="TRUE">-122.516316</westBL><eastBL Sync="TRUE">-122.356151</eastBL><northBL Sync="TRUE">37.833448</northBL><southBL Sync="TRUE">37.706126</southBL></GeoBndBox></geoEle></dataExt></dataIdInfo><eainfo><detailed Name="SanFranciscoElectricityUse"><enttyp><enttypl Sync="TRUE">SanFranciscoElectricityUse</enttypl><enttypt Sync="TRUE">Feature Class</enttypt><enttypc Sync="TRUE">27</enttypc></enttyp><attr><attrlabl Sync="TRUE">FID</attrlabl><attalias Sync="TRUE">FID</attalias><attrtype Sync="TRUE">OID</attrtype><attwidth Sync="TRUE">4</attwidth><atprecis Sync="TRUE">0</atprecis><attscale Sync="TRUE">0</attscale><attrdef Sync="TRUE">Internal feature number.</attrdef><attrdefs Sync="TRUE">ESRI</attrdefs><attrdomv><udom Sync="TRUE">Sequential unique whole numbers that are automatically generated.</udom></attrdomv></attr><attr><attrlabl Sync="TRUE">Shape</attrlabl><attalias Sync="TRUE">Shape</attalias><attrtype Sync="TRUE">Geometry</attrtype><attwidth Sync="TRUE">0</attwidth><atprecis Sync="TRUE">0</atprecis><attscale Sync="TRUE">0</attscale><attrdef Sync="TRUE">Feature geometry.</attrdef><attrdefs Sync="TRUE">ESRI</attrdefs><attrdomv><udom Sync="TRUE">Coordinates defining the features.</udom></attrdomv></attr><attr><attrlabl Sync="TRUE">Zip</attrlabl><attalias Sync="TRUE">Zip</attalias><attrtype Sync="TRUE">Integer</attrtype><attwidth Sync="TRUE">9</attwidth><atprecis Sync="TRUE">9</atprecis><attscale Sync="TRUE">0</attscale></attr><attr><attrlabl Sync="TRUE">kWh_pC</attrlabl><attalias Sync="TRUE">kWh_pC</attalias><attrtype Sync="TRUE">Integer</attrtype><attwidth Sync="TRUE">9</attwidth><atprecis Sync="TRUE">9</atprecis><attscale Sync="TRUE">0</attscale></attr><attr><attrlabl Sync="TRUE">kWh</attrlabl><attalias Sync="TRUE">kWh</attalias><attrtype Sync="TRUE">Integer</attrtype><attwidth Sync="TRUE">9</attwidth><atprecis Sync="TRUE">9</atprecis><attscale Sync="TRUE">0</attscale></attr><attr><attrlabl Sync="TRUE">Pop2010_zc</attrlabl><attalias Sync="TRUE">Pop2010_zc</attalias><attrtype Sync="TRUE">Integer</attrtype><attwidth Sync="TRUE">9</attwidth><atprecis Sync="TRUE">9</atprecis><attscale Sync="TRUE">0</attscale></attr></detailed></eainfo><mdLang><languageCode value="eng" Sync="TRUE"/><countryCode value="USA" Sync="TRUE"/></mdLang><distInfo><distFormat><formatName Sync="TRUE">Shapefile</formatName></distFormat><distTranOps><transSize Sync="TRUE">0.153</transSize></distTranOps></distInfo><mdHrLv><ScopeCd value="005" Sync="TRUE"/></mdHrLv><mdHrLvName Sync="TRUE">dataset</mdHrLvName><refSysInfo><RefSystem><refSysID><identCode code="2227" Sync="TRUE" value="2227"/><idCodeSpace Sync="TRUE">EPSG</idCodeSpace><idVersion Sync="TRUE">7.4.1</idVersion></refSysID></RefSystem></refSysInfo><spatRepInfo><VectSpatRep><geometObjs Name="SanFranciscoElectricityUse"><geoObjTyp><GeoObjTypCd value="002" Sync="TRUE"/></geoObjTyp><geoObjCnt Sync="TRUE">27</geoObjCnt></geometObjs><topLvl><TopoLevCd value="001" Sync="TRUE"/></topLvl></VectSpatRep></spatRepInfo><spdoinfo><ptvctinf><esriterm><efeatyp Sync="TRUE">Simple</efeatyp><efeageom code="4" Sync="TRUE"/><esritopo Sync="TRUE">FALSE</esritopo><efeacnt Sync="TRUE">27</efeacnt><spindex Sync="TRUE">TRUE</spindex><linrefer Sync="TRUE">FALSE</linrefer></esriterm></ptvctinf></spdoinfo><mdDateSt Sync="TRUE">20121129</mdDateSt></metadata>
